title,url,abstract,date
The 2025/26 Nan Fung Group - Instagram,https://www.instagram.com/p/DVhxDv0kwHp/,16:30 HKFC Natixis Ice vs. Clement Shield/VetiVa Gai Wu Falcons Referee: Nico Fox AR1: Jackie Ho AR2: Daniel Cao 4th: Leo Chuan Hong Kong ...,2026-03-06 09:38:37
PETRÓLEO SUBINDO Donald Trump minimiza aumento dos preços ...,https://www.instagram.com/p/DViwmjAlnVN/,"Gestores ouvidos por casas como Natixis, JPMorgan, RB Investimentos e UOB Kay Hian esperam uma abertura de forte aversão a risco, com bolsas ...",2026-03-06 12:38:37
"Jeopolitik belirsizliklerin arttığı bugünlerde, portföyü ... - Instagram",https://www.instagram.com/p/DVi-DptjMkU/,"Natixis Değerli Metal Analisti Bernard Dahdah tarafından hazırlanan raporda, jeopolitik risklerin tetikleyeceği talep patlamasına dikkat çekildi ...",2026-03-06 14:38:37
Natixis Corporate & Investment Banking (@natixis_corp) - Instagram,https://www.instagram.com/natixis_corp/,"Dive into our vibrant culture, our core values, and discover exciting opportunities available worldwide. Easy to navigate, you're just a click away from ...",2026-03-06 09:38:37
Not long now 2 more sleeps till our boys take on Kowloon this ...,https://www.instagram.com/reel/DVgcJOQkoor/,Women's Premiership Semi-final 7:00 PM | Natixis Ice vs Kroll USRC Tigers. more. 1 day ago · hkfcrugby's profile picture · hkfcrugby. •. Follow.,2026-03-05 09:38:37
Natixis in Portugal (@natixisinportugal) • Instagram photos and videos,https://www.instagram.com/natixisinportugal/,12K followers · 114 following · 735 posts · @natixisinportugal: “The Natixis Center of Expertise going way beyond banking.,2026-03-05 09:38:37
Join us this Saturday for the Championship and Community League ...,https://www.instagram.com/p/DVfT2o5D18A/,18:00 Evans Lam Kroll USRC Tigers Vandals vs. HKFC Natixis Bulls King's Park Sports Ground Pitch 2. Proudly Sponsored by. Tanner de Witt @ ...,2026-03-05 09:38:37
Récap de la Staff Party – ONOMO Sidi Maârouf Une soirée pleine d ...,https://www.instagram.com/reel/DVhPdaeApNN/,"Pour Natixis, nous avons transformé Le Mazette en un univers Mille et Une Nuits ✨ Une soirée pensée comme un levier d'engagement ...",2026-03-06 09:38:37
中東戰火殃及400年世界文化遺產！伊朗古列斯坦王宮遭 ... - Instagram,https://www.instagram.com/p/DVf8VDElduF/,對此，法國外貿銀行（Natixis）的首席亞太經濟學家艾雷羅（Alicia García Herrero）也說：「當你需要中國時，他們是不會出現的。」她表示：「對於任何 ...,2026-03-05 09:38:37
Event at Mansion House in London for Natixis featuring key note ...,https://www.instagram.com/p/DVdfrPUjabf/,"1 likes, 0 comments - martyn_hicks on March 4, 2026: ""Event at Mansion House in London for Natixis featuring key note speech from Sebastian ...",2026-03-04 09:38:37
美國中央司令部：已摧毀伊朗17艘軍艦包括1艘潛艦#伊朗#軍艦#潛艦,https://www.instagram.com/reel/DVcxEz2gdyl/,對此，法國外貿銀行（Natixis）的首席亞太經濟學家艾雷羅（Alicia García Herrero）也說：「當你需要中國時，他們是不會出現的。」她表示：「對於任何 ...,2026-03-04 09:38:37
This is what the season has been building to. HKFC Natixis Club vs ...,https://www.instagram.com/p/DVawZCokvC1/,"121 likes, 4 comments - hkfcrugby on March 3, 2026: ""This is what the season has been building to. HKFC Natixis Club vs. Kowloon Rugby ...",2026-03-03 09:38:37
Saturday can't come soon enough. Our HKFC Natixis Ice ... - Instagram,https://www.instagram.com/p/DVawlGzEige/,"124 likes, 0 comments - hkfcrugby on March 3, 2026: ""Saturday can't come soon enough. Our HKFC Natixis Ice girls face USRC Tigers this ...",2026-03-03 09:38:37
Launch successful! Our website is officially live! Step ... - Instagram,https://www.instagram.com/reel/DVY_08lEdmf/,"... brand-new website. Hashtags: #NatixisInPortugal #Natixis #PurpleImpact #NewWebsite #MuchMoreThanJustAJob #MakeAnImpact"".",2026-03-02 09:38:37
"And just like that, another Natixis bday occurs at Solas - Instagram",https://www.instagram.com/p/DVW6WS_kSR9/,"10 likes, 1 comments - lilredcamera_ on March 1, 2026: ""And just like that, another Natixis bday occurs at Solas"".",2026-03-02 09:38:37
- أسواق النفط تقيّم مخاطر توترات مضيق هرمز تابعوا اقتصاد الشرق ...,https://www.instagram.com/reel/DVWUGhHjyHh/,"برنار دحدح، المحلل الأول للسلع في Natixis لـ""الشرق"": إذا وجهت أميركا ضربة لإيران قد تعود أسعار الذهب للارتفاع مجدداً إلى 5500 دولار.. وقد ...",2026-03-01 09:38:37
AIRSIDE Men's Premiership League. #hkrugby #AGameForAll,https://www.instagram.com/p/DVS72mQAZJK/,"536 likes, 5 comments - hkrugby on February 28, 2026: ""They've done it again! Huge congratulations to HKFC Natixis Club for winning the ...",2026-02-28 09:38:37
#自由說新聞》李貞秀「不甩規定」網湧臉書狂刷這句！政院反擊、他 ...,https://www.instagram.com/reel/DVN0_iRFTag/,... 對此，法國外貿銀行（Natixis）的首席亞太經濟學家艾雷羅（Alicia García Herrero）也說：「當你需要中國時，他們是不會出現的。」她表示：「對於任何 ...,2026-03-07 09:38:37
Natixis CIB x ESSEC Learning Expedition 60 students ... - Instagram,https://www.instagram.com/reel/DVJE2YojOJa/,"... 5 likes, 0 comments - natixis_corp on February 24, 2026: "" Natixis CIB x ESSEC Learning Expedition 60 students from @essecbs immersed ...",2026-03-07 09:38:37
Say hi to Joanna Carvalho! She's a Junior Developer at Natixis in ...,https://www.instagram.com/p/DVJfDSSlv-3/,"... She's a Junior Developer at Natixis in Portugal, who started as an intern in a hybrid Business Analyst & Salesforce Developer role and became a ...",2026-03-07 09:38:37
Say hi to Joanna Carvalho! She's a Junior Developer at Natixis in ...,https://www.instagram.com/p/DVJfDSSlv-3/,"... She's a Junior Developer at Natixis in Portugal, who started as an intern in a hybrid Business Analyst & Salesforce Developer role and became a ...",2026-03-07 09:38:37
كيف ستتعامل أسعار النفط مع الهجوم المحتمل ضد إيران؟ محلل أول للأبحاث ...,https://www.instagram.com/reel/DVJTG6SkmEw/,"... برنار دحدح، المحلل الأول للسلع في Natixis لـ""الشرق"": إذا وجهت أميركا ضربة لإيران قد تعود أسعار الذهب للارتفاع مجدداً إلى 5500 دولار.. وقد ...",2026-03-07 09:38:37
Community League Champions! HKFC Natixis Sequins dominate ...,https://www.instagram.com/p/DVIvMAFEiJI/,"... 136 likes, 1 comments - hkfcrugby on February 23, 2026: "" Community League Champions! HKFC Natixis Sequins dominate and win the HKCR ...",2026-03-07 09:38:37
zigzag.indonesia - Instagram,https://www.instagram.com/p/DVILutmkfTR/,"... We deliver a refined and immersive event experience in celebrating Natixis Jakarta's 50 Years of Growth and Partnership, honoring five ...",2026-03-07 09:38:37
Natalka (@natixis) • Instagram photos and videos,https://www.instagram.com/Natixis/%3F__d%3D11%252F,"... 10 Followers, 57 Following, 0 Posts - Natalka (@Natixis) on Instagram: """"",2026-03-07 09:38:37
Visita aos escritórios da Natixis no Porto | 20 FEV. 2026 O caso ...,https://www.instagram.com/p/DVGRmL9DrHq/,... ... Natixis é um excelente exemplo do que queremos atrair para o ... Natixis é um ótimo exemplo de atração de investimento para o ...,2026-03-07 09:38:37
THE X FROM NATIXIS ⌚️ Ev #photo #portraitphotography ...,https://www.instagram.com/p/DVCwEzriO81/,"... 37 likes, 0 comments - zinou_gxr on February 21, 2026: ""THE X FROM NATIXIS ⌚️ Ev #photo #portraitphotography #camaro #mustang #gxr"".",2026-03-07 09:38:37
Our New Career Page is Live on the Natixis CIB Website! Dive into ...,https://www.instagram.com/reel/DU-Z1fjDDzQ/,"... Together, let's build the future of Natixis CIB. OCR. BANQUE OLAIRE +X® GROUPE BPSE POPE モ CAISS D'EPA den POPULATRE ney NAT SHOTME AVEC ...",2026-03-07 09:38:38
GARUDA SAKTI NUSANTARA Throwback to the process A bold ...,https://www.instagram.com/reel/DU7Z1NOCb37/,"... Swargaloka berkesempatan hadir dan tampil dalam 50th Anniversary Natixis CIB Indonesia pada 18 Juni 2025. Dalam momen ini, Swargaloka hadir ...",2026-03-07 09:38:38
Natixis Office – Where Global Vision Meets Smart Design Minimal ...,https://www.instagram.com/reel/DU8NuyTEl5t/,... ... Natixis #GiftCity #CorporateOfficeDesign #SkyGreenInterior #LuxuryWorkspace #ModernOffice #InteriorDesignIndia #OfficeGoals #GlobalStandard ...,2026-03-07 09:38:38
"C'est un extrait de l'épisode Finscale avec Antoine Leclercq, CEO d ...",https://www.instagram.com/reel/DU8Zxislx0W/,"... ... Natixis en 2018 sur un projet de leader européen des paiements qui n'a pas abouti, avant de concrétiser cette vision avec Estreem. - De l ...",2026-03-07 09:38:38
"this month, we celebrated valentine's day the british way - Instagram",https://www.instagram.com/reel/DU6JVYfj4xs/,... ... Natixis #PurpleImpact #VillageOfTheMonth #ValentinesDay #MuchMoreThanJustAJob #MakeAnImpact ... Photo by Natixis in Portugal on February ...,2026-03-07 09:38:38
Photos by NATIXIS INVESTMENT OPTION ... - Instagram,https://www.instagram.com/p/DU2_qzDAkSc/,"... Photo by NATIXIS INVESTMENT OPTION on February 17, 2026. May be an image of.",2026-03-07 09:38:38
ضربة لإيران أم مفاوضات وحلول دبلوماسية.. وكيف سيتحرك #الذهب ...,https://www.instagram.com/reel/DU27zRSgYH1/,"... برنار دحدح، المحلل الأول للسلع في Natixis لـ""الشرق"": إذا وجهت أميركا ضربة لإيران قد تعود أسعار الذهب للارتفاع مجدداً إلى 5500 دولار.. وقد ...",2026-03-07 09:38:38
Don't open the fridge! You never know where Natixis in Portugal's ...,https://www.instagram.com/reel/DU20kTWjO4R/,"... ... way through the week! Hashtags: #NatixisInPortugal #Natixis #PurpleImpact #Carnival #MuchMoreThanJustAJob #MakeAnImpact"".",2026-03-07 09:38:38
Top 14 - Bayonne chute face au Racing (36-41) et perd un second ...,https://www.instagram.com/p/DUwGFLUCE3J/,... more. February 14. OCR. ANDROSCIARIN CTARIN CLARINT ANDROS NATIXIS ONO ي שםן DNCA 100. entrelespoteaux's profile picture · entrelespoteaux. •.,2026-03-07 09:38:38
Coup d'envoi de notre vente avec @biddingsport ! Rendez ...,https://www.instagram.com/p/DUvlqtcirbe/,... ... toute tous. 7 days ago. OCR. 鹿黑堂 꽃콩 40 ひ01 CLARINS CLARINS 92 ANDROS ANDROS NATIXIS RACING. racing92's profile picture · racing92. •.,2026-03-07 09:38:38
"At Natixis in Portugal, we must be really unlucky at cards ... - Instagram",https://www.instagram.com/reel/DUvGLy3CedH/,"... ... a love affair. Hashtags: #NatixisInPortugal #Natixis #PurpleImpact #ValentinesDay #MuchMoreThanJustAJob #MakeAnImpact"".",2026-03-07 09:38:38
more - Instagram,https://www.instagram.com/reel/DUtHF3biCjk/,"... einai.happiness on February 6, 2026: ""Quand avez-vous vraiment fait vivre une expérience marquante à vos équipes ? Pour Natixis, nous avons ...",2026-03-07 09:38:38
A New Era for the Natixis WINN Association: We In ... - Instagram,https://www.instagram.com/reel/DUsgyjqjFFk/,"... 6 likes, 0 comments - natixis_corp on February 13, 2026: "" A New Era for the Natixis WINN Association: We In Natixis Network Together ...",2026-03-07 09:38:38
"Our team is always riding the wave, whether at work or off the clock ...",https://www.instagram.com/p/DUqr6QKFw2u/,"... ... Natixis in Portugal's Surf Community. Beyond catching waves, it ... Natixis #PurpleImpact #PurpleNooks #MuchMoreThanJustAJob #MakeAnImpact"".",2026-03-07 09:38:38
KENT TENNIS & PADEL AWARDS . We're still shining a ... - Instagram,https://www.instagram.com/p/DUoOplYj5yE/,"... ... kenttennis #kentpadel #LTAwards #CelebratingExcellence #lexus #natixis @rapidclick_photography @avenuetennis"".",2026-03-07 09:38:38
"Our Director, Claire Bright, was in Côte d'Ivoire last week in her new ...",https://www.instagram.com/p/DUk0Xfpgrx4/,... Yedau Ogoundélé suit un parcours polyvalent depuis son poste à la Natixis CIB en Europe jusqu'à la CRRH-UEMOA où elle est nommée Directrice ...,2026-03-07 09:38:38
"No âmbito da nossa parceria com a Natixis in Portugal, nas últimas ...",https://www.instagram.com/p/DUlVTHLCmhs/,"... ... Natixis por provarem que a responsabilidade social se faz com ... Natixis #PurpleImpact @natixisinportugal"".",2026-03-07 09:38:38
Know a Danish or want to be the next one? Got that ONE skill ...,https://www.instagram.com/p/DUiLJYZGjBu/,"... ... picture · natixisinportugal. •. Follow. Photo by Natixis in Portugal on February 05, 2026. May be a graphic of. 2. natixisinportugal. WE WANT ...",2026-03-07 09:38:38
The rest of our HKFC squads for tomorrow! Note - Instagram,https://www.instagram.com/p/DUamBIgEuOu/,"... HKFC Natixis Club vs. Kowloon Rugby — Saturday afternoon at the Main Pitch, kick off 3:10pm. One finals spot up for grabs and our boys are ...",2026-03-07 09:38:38
Meet Natixis CIB in London: global know-how combined with local ...,https://www.instagram.com/reel/DUa5hW3DHIY/,"... 28 likes, 0 comments - natixis_corp on February 6, 2026: "" Meet Natixis CIB in London: global know-how combined with local impact.",2026-03-07 09:38:38
Ocean in the Boardroom Company Profile: Natixis Investment ...,https://www.instagram.com/p/DUZh8sQESDa/,"... ... Natixis offers a broad range of responsible, sustainable and impact investment solutions across equities, fixed income, multi-asset ...",2026-03-07 09:38:38
"WE WANT YOU! If you're into technology, support functions and ...",https://www.instagram.com/p/DUYtfH6iMns/,... ... Natixis in Portugal Trainee Program. Ready to kickstart your career in a global company that values you for who you are? Hashtags ...,2026-03-07 09:38:38
A workspace designed for global leadership. Natixis Office Interior,https://www.instagram.com/reel/DUYJxjzErJC/,"... ... Natixis Office Interior | GIFT City, India #Natixis #GiftCity #GlobalOfficeDesign #CorporateInterior #OfficeInteriorDesign"".",2026-03-07 09:38:38
Dentons Advises Lenders On Financing Oman's 500 MW Ibri III ...,https://www.instagram.com/p/DUX60TykgYA/,"... ... Natixis Corporate & Investment Banking, First Abu Dhabi Bank, and ... Natixis Corporate & Investment Banking, First Abu Dhabi Bank, and ...",2026-03-07 09:38:38
US Trade Deal and Portfolio Inflows May Support Indian Rupee ...,https://www.instagram.com/p/DUXRCdWljUj/,"... ... Natixis, based in Hong Kong. Nguyen said investor sentiment toward ... Natixis, based in Hong Kong. Nguyen said investor sentiment ...",2026-03-07 09:38:38
to look for the best investment prospects and to ... - Instagram,https://www.instagram.com/p/DUTq5_pEh_E/,... Ocean in the Boardroom Company Profile: Natixis Investment Managers and Mirova. @natixisim Investment Managers has a long-standing ...,2026-03-07 09:38:38
"Last week, volunteers from Natixis CIB Japan joined a Goalball ...",https://www.instagram.com/p/DUSGtRpk8IZ/,"... 16 likes, 0 comments - handson.tokyo on February 2, 2026: ""Last week, volunteers from Natixis CIB Japan joined a Goalball experience led by ...",2026-03-07 09:38:38
"As the domestic season starts to draw to a close, congratulations to ...",https://www.instagram.com/p/DUPwRr5gQQc/,... Community League 1: HKFC Natixis Sequins #hkrugby #AGameForAll. more. View all 2 comments. 5 days ago · hkrugby's profile picture · hkrugby. •.,2026-03-07 09:38:38
Natixis Corporate and Investment Banking FinTech Associate career ...,https://www.instagram.com/p/DUIqWq9jDV4/,"... 4 likes, 4 comments - edupair24 on January 30, 2026: ""Natixis Corporate and Investment Banking FinTech Associate career mentor now available ...",2026-03-07 09:38:38
Swargaloka berkesempatan hadir dan tampil dalam ... - Instagram,https://www.instagram.com/p/DUGV2askhVu/,"... swargaloka.creativevent on January 29, 2026: ""Swargaloka berkesempatan hadir dan tampil dalam 50th Anniversary Natixis CIB Indonesia pada 18 ...",2026-03-07 09:38:38
المحلل الأول للسلع في Natixis، عودة أسعار الذهب للارتفاع مجددا إلى 5500 ...,https://www.instagram.com/p/DUGoBmkkTgY/,"... 584 likes, 21 comments - banker.news on January 29, 2026‎: "" توقع برنار دحدح، المحلل الأول للسلع في Natixis، عودة أسعار الذهب للارتفاع مجددا ...",2026-03-07 09:38:38
"MENA Renewable Energy Soars to 43.7 GW in 2025, Led by Saudi ...",https://www.instagram.com/p/DUDnuF0DW4l/,... The project has secured financing from leading international institutions Natixis Corporate & Investment Banking (Natixis CIB) and First Abu ...,2026-03-07 09:38:38
Meet Lukman Oladosu! He's one of our talented Developers who ...,https://www.instagram.com/p/DUA9kAbCZzE/,"... ... Natixis in Portugal, we grow together through diversity, inclusion and a shared passion for what we do! Curious to know more? Discover ...",2026-03-07 09:38:38
181 Bay St. Toronto Natixis Timeless looks are always a ... - Instagram,https://www.instagram.com/p/DT_NYcUFBXe/,"... 13 likes, 2 comments - alta_construction_ on January 26, 2026: "" 181 Bay St. Toronto Natixis Timeless looks are always a beautiful choice.",2026-03-07 09:38:38
"Natixis CIB • Location Sydney, Gadigal Country • Lighting Design by ...",https://www.instagram.com/p/DT_Wie2iYRk/,"... 15 likes, 0 comments - jadecrosslighting on January 26, 2026: ""Natixis CIB • Location Sydney, Gadigal Country • Lighting Design by ...",2026-03-07 09:38:38
A Revista Game Changer já está disponível! ➡️ O ... - Instagram,https://www.instagram.com/p/DT-HTJ_DGnJ/,"... ... Natixis em. Acede ao artigo através do link da revista disponível na bio! #revistagamechanger #gamechanger #culturaorganizacional #workplaces"".",2026-03-07 09:38:38
Another W in the bag for Club #HKFCRugby #OneClub #UTC,https://www.instagram.com/p/DT4x26ykrhO/,... 경도 FULL TIME HKFCNATIXISCLUB HKFC NATIXIS CLUB нκи SANDY BAY RFC ร Gd AGL Ambesay ぶ子 出5 ト inourent TIXIS MOORE E BLUEGIRL BLUE GARL S ...,2026-03-07 09:38:38
An epic game under the sunset today #HKFCRugby #OneClub #UTC,https://www.instagram.com/p/DT5Db2GEmxk/,... ... NATIXIS ICE CAUSEWAY SANDY BAY 発を لم M n Аш 14g Amhenay NATIXIS LATHAM WATKINS TAIOVIT NATIXILATWWW. ΣέηΚΑ AN SPORTS STREAM.LING STREA ...,2026-03-07 09:38:38
First game and first win of the day #HKFCRugby #OneClub #UTC,https://www.instagram.com/p/DT4ie-kkkEW/,... mourare NATIXIS Da FULL FULLTIME IME HKFC HKFCNATIXISEXPENDABLES NATIXIS EXPENDABLES GAIWUBLOSSOMS GAI WU BLOSSOMS RLOMEAONG 7 3間 CO CAtA ...,2026-03-07 09:38:38
Our work is a true work of art (literally!) As Natixis in ... - Instagram,https://www.instagram.com/reel/DT0nVtUjjya/,"... natixisinportugal on January 22, 2026: ""Our work is a true work of art (literally!) As Natixis in Portugal gets ready to land in Lisbon, ...",2026-03-07 09:38:38
Half-Time of the HKFC Natixis Club vs HKU Sandy Bay Game Not ...,https://www.instagram.com/p/DT1Zg58krw8/,... ... Natixis Club vs HKU Sandy Bay Game ❓Not wanting to miss out on the fun? Junior Youth race & Senior Youth race - Half-Time of the HKFC Natixis ...,2026-03-07 09:38:38
Souveraineté et dépendances quel rôle pour la finance européenne,https://www.instagram.com/p/DTzrb2hjbx9/,... ... YOUR INTEREST Groupama ASSET MANAGEMENT NATIXIS INVESTMENTMANAGERS MANAGERS R Richelieu Invest. cgpc.fr's profile picture · cgpc.fr. •. Follow.,2026-03-07 09:38:38
"We have released our 2025 earnings report, with highlights ...",https://www.instagram.com/p/DTx8UKCDfQA/,"... 2025 was a historic year for Natixis CIB, we innovated and we delivered our best results EVER! ✓EUR 4.8bn Net Banking Income ✓+7% new ...",2026-03-07 09:38:38
Un #nouveauclient rejoint la famille Talenteo HR ! Nous sommes ...,https://www.instagram.com/p/DTxgw5cAXr7/,... ... Natixis a choisi Talenteo pour : ✓ La digitalisation de la gestion administrative RH ✓ La gestion et le pilotage de la formation Merci ...,2026-03-07 09:38:38
Natixis Corporate & Investment Banking organized its ... - Instagram,https://www.instagram.com/reel/DTu4UwJjGP9/,... I'm a chemistism. I'm a student in the master international affairs and commodities from Paridophin. My name is Modern Araby.,2026-03-07 09:38:38
"MENA's Power Shift: How Solar, Wind, And Storage Are Reshaping ...",https://www.instagram.com/p/DTuoiwzEjV7/,... The project has secured financing from leading global institutions Natixis Corporate & Investment Banking (Natixis CIB) and First Abu Dhabi ...,2026-03-07 09:38:38
Open Oceans Group celebrates four years of serving clients with ...,https://www.instagram.com/p/DTtKq3ViQER/,... Ocean in the Boardroom Company Profile: Natixis Investment Managers and Mirova. @natixisim Investment Managers has a long-standing ...,2026-03-07 09:38:38
"Icaza, González-Ruiz & Alemán asesoró a Natixis Corporate and ...",https://www.instagram.com/p/DTlEVYQE6-H/,"... Icaza, González-Ruiz & Alemán asesoró a Natixis Corporate and Investment Banking y J.P. Morgan Chase Bank, N.A, financiadores del proyecto ...",2026-03-07 09:38:38
Sortie trail à Tamgout La Team Gaya débarque cette fois ... - Instagram,https://www.instagram.com/reel/DTlMriZCHSb/,... CAYA ATHLETIC NATIXIS ALGÉRIE Asluucha . CAYA ATHLETIC NATIXIS ALGÉRIE Asluce . CAYA ATHLETIC NATIXIS ALGÉRIE Asluceur . CAYA ATHLETIC ...,2026-03-07 09:38:38
Terima kasih kepada KBRI Singapura atas sambutan hangat dan ...,https://www.instagram.com/p/DTl_vepErIJ/,... Swargaloka berkesempatan hadir dan tampil dalam 50th Anniversary Natixis CIB Indonesia pada 18 Juni 2025. ... Swargaloka berkesempatan hadir dan ...,2026-03-07 09:38:38
Programmez vos virements en quelques clics. Banxy se ... - Instagram,https://www.instagram.com/reel/DTipUWDEyWO/,"... ... rendez vous sur notre site pour en savoir plus : https://www.banxybank.com/fr/appli-en-details #Banxy #Natixis"".",2026-03-07 09:38:38
O meu #TBT é desta lindeza de homenagem. Agradeço ... - Instagram,https://www.instagram.com/p/DTiX6pFFjy9/,... PwanGay Auchan NATIXIS JA have #balai BANTUNEN 탄포 cuttne.tv 魂商 NP RSTP Хопдинба AFRICA DJASSI RTPAPECA. nataraney's profile picture.,2026-03-07 09:38:38
Meet Sofia! Sofia is a Business Management Officer at ... - Instagram,https://www.instagram.com/p/DTikmH2Ea_2/,"... ... Natixis in Portugal community is her favourite? Find out ... Natixis #PurpleImpact #PurpleNooks #MuchMoreThanJustAJob #MakeAnImpact"".",2026-03-07 09:38:38
Programmez vos virements en quelques clics. Banxy se ... - Instagram,https://www.instagram.com/reel/DTipUWDEyWO/,"... ... rendez vous sur notre site pour en savoir plus : https://www.banxybank.com/fr/appli-en-details #Banxy #Natixis"".",2026-03-07 09:38:38
O meu #TBT é desta lindeza de homenagem. Agradeço ... - Instagram,https://www.instagram.com/p/DTiX6pFFjy9/,... PwanGay Auchan NATIXIS JA have #balai BANTUNEN 탄포 cuttne.tv 魂商 NP RSTP Хопдинба AFRICA DJASSI RTPAPECA. nataraney's profile picture.,2026-03-07 09:38:38
Meet Sofia! Sofia is a Business Management Officer at ... - Instagram,https://www.instagram.com/p/DTikmH2Ea_2/,"... ... Natixis in Portugal community is her favourite? Find out ... Natixis #PurpleImpact #PurpleNooks #MuchMoreThanJustAJob #MakeAnImpact"".",2026-03-07 09:38:38
"New year, new goals! 新一年，新目標！ #hkrugby #allin - Instagram",https://www.instagram.com/reel/DTcYGeugG00/,... Community League 1: HKFC Natixis Sequins #hkrugby #AGameForAll. more. View all 2 comments. 7 days ago · hkfcrugby's profile picture · hkfcrugby.,2026-03-07 09:38:38
"Insolite mais astucieux - La neige, tombée en abondance sur Noyon ...",https://www.instagram.com/p/DTcUnJJjSAv/,... more. 3 days ago. OCR. (감의 AU TRIPLE GALOP EMENE AIO NATIXIS RUGBYAMATEUR+. rugbyamateur.fr's profile picture · rugbyamateur.fr. •. Follow.,2026-03-07 09:38:38
Sponsor Spotlight Natixis are joining Global Banking & Markets ...,https://www.instagram.com/p/DTamv_olYlU/,... ... Natixis are joining Global Banking & Markets: Latin America & Caribbean: 2026 Natixis join us at the forefront of innovation for LAC's ...,2026-03-07 09:38:38
Providence Row Corporate Partners — Wrapped 2025 This year ...,https://www.instagram.com/p/DTZ5EMPju0q/,"... ... Natixis Investment Managers 4️⃣ AlbaCore Capital Group 5️⃣ Arcadis Every hour volunteered, mile completed, and pound raised helped ...",2026-03-07 09:38:38
Yennayer 2976 – Assegas Ameggaz À toute la famille Gaya Athletic ...,https://www.instagram.com/p/DTYZ_tsCIbW/,... الإنطلاق ق DEPARTURE M GIG .ORR.O.EXX.X .ORR.© .ΕХХ.Ж سعيدة اماريغية سلة 2976 NATIXIS ALGERIE الحيد مکسلهاخر NATIXIS مرشلر ΛУЛ 손대탄지득.,2026-03-07 09:38:38
者 nat natixis - Instagram,https://www.instagram.com/p/DTYffspjcIk/,... May be a black-and-. 42. 2. elaeliashvili.. more. sallylagunova. ❤. estelle_k_t. Mon chéri❤️. January 11. OCR. 者 NAT NATIXIS. samuellobato_8.,2026-03-07 09:38:38
Aldar Raises $1 Billion Through Hybrid Bonds Amid Record Global ...,https://www.instagram.com/p/DTWBga7Exsr/,... Financing facilities have been secured with leading global financial institutions Natixis Corporate & Investment Banking (Natixis CIB) and ...,2026-03-07 09:38:38
"In 2025, the Natixis Urban Garden hit a big milestone - Instagram",https://www.instagram.com/p/DTQkZzdgGpw/,"... natixisinportugal on January 8, 2026: ""In 2025, the Natixis Urban Garden hit a big milestone: 400 kg of vegetables grown by our volunteers ...",2026-03-07 09:38:38
Svadara Warna Indonesia on Instagram,https://www.instagram.com/p/DTPnd8Qkwx7/,"... Swargaloka berkesempatan hadir dan tampil dalam 50th Anniversary Natixis CIB Indonesia pada 18 Juni 2025. Dalam momen ini, Swargaloka hadir ...",2026-03-07 09:38:38
"GTMfund on Instagram: ""Talking about the venture ecosystem ft ...",https://www.instagram.com/p/DTMuO3yDt7L/,... Ocean in the Boardroom Company Profile: Natixis Investment Managers and Mirova. @natixisim Investment Managers has a long-standing ...,2026-03-07 09:38:38
The Adani Group has announced its entry into the battery energy ...,https://www.instagram.com/p/DTCMpC7kcEp/,... The project has secured financing from leading international institutions Natixis Corporate & Investment Banking (Natixis CIB) and First Abu ...,2026-03-07 09:38:38
2025 has come to an end — and what a year it's been for our sport!,https://www.instagram.com/p/DTAUgn-l-Uw/,... ... NATIXIS CASTORE x ENGLAND NIKE x SPRINGBOKS MACRON x SCOTLAND .산 ARSUS NIKE x RACING 92 PEUGEOT ALTRAD NIKE x TOULOSUAIN ADIDAS x FRANCE.,2026-03-07 09:38:38
Powering the Kingdom. Protecting its people. At Energy Luxury ...,https://www.instagram.com/p/DS9h8o7kXmu/,... Financing facilities have been secured with leading global financial institutions Natixis Corporate & Investment Banking (Natixis CIB) and ...,2026-03-07 09:38:38
PROTÈGE-DENTS OU PAS #Rugby #mouthpiece #gilbert #science ...,https://www.instagram.com/reel/DS74YJNCHE_/,"... NATIXIS NON, ÇA NE CHANGE RIEN. . ALTRAD RACING DES SPORTS BRITANNIQUE. S N 대최 . RAD GILBE RACING NATIXIS SONT DIMINUÉS. NE GILF . LTRAD ...",2026-03-07 09:38:38
Thank you 2025! - Instagram,https://www.instagram.com/reel/DS6-Q7YDIfk/,"... Swargaloka berkesempatan hadir dan tampil dalam 50th Anniversary Natixis CIB Indonesia pada 18 Juni 2025. Dalam momen ini, Swargaloka hadir ...",2026-03-07 09:38:38
Terimakasih 2025 kita berhasil membawakan Tari Zapin Kasih Budi ...,https://www.instagram.com/reel/DS9AYn8D_wW/,"... Swargaloka berkesempatan hadir dan tampil dalam 50th Anniversary Natixis CIB Indonesia pada 18 Juni 2025. Dalam momen ini, Swargaloka hadir ...",2026-03-07 09:38:38
2025 was a year of change. Many companies chose to rethink how ...,https://www.instagram.com/reel/DS2nujxkWb1/,"... ... Natixis so far?”. From our international environment to the strong focus on work-life balance, our employees confirmed that together we're ...",2026-03-07 09:38:38
